interaction,interactionDelta,intent,intentSuccess,stepDelta,step,stepDuration,totalDuration,highlightIngredients,group,interface,recipe,timestamp,session,_id
"downKey",5447,"nextStep",true,1,1,5447,5447,true,2,"responsive","lasagna","2014-12-06T18:56:26.034Z","b693ab00711bf625163aa9369858a5997f0cca58",ObjectID(5483515a7f671a49094b4845)
"upKey",4367,"prevStep",true,-1,2,4367,9814,true,2,"responsive","lasagna","2014-12-06T18:56:30.402Z","b693ab00711bf625163aa9369858a5997f0cca58",ObjectID(5483515e7f671a49094b4846)
"downKey",721,"nextStep",true,1,1,721,10535,true,2,"responsive","lasagna","2014-12-06T18:56:31.122Z","b693ab00711bf625163aa9369858a5997f0cca58",ObjectID(5483515f7f671a49094b4847)
"downKey",5447,"nextStep",true,1,1,5447,5447,true,2,"responsive","lasagna","2014-12-06T18:56:26.034Z","b693ab00711bf625163aa9369858a5997f0cca58",ObjectID(548351d27f671a49094b4848)
"downKey",149300,"nextStep",true,1,2,149300,159835,true,2,"responsive","lasagna","2014-12-06T18:59:00.422Z","b693ab00711bf625163aa9369858a5997f0cca58",ObjectID(548351f47f671a49094b4849)
"downKey",5079,"nextStep",true,1,3,5079,164914,true,2,"responsive","lasagna","2014-12-06T18:59:05.501Z","b693ab00711bf625163aa9369858a5997f0cca58",ObjectID(548351f97f671a49094b484a)
"upKey",2441,"prevStep",true,-1,4,2441,167355,true,2,"responsive","lasagna","2014-12-06T18:59:07.942Z","b693ab00711bf625163aa9369858a5997f0cca58",ObjectID(548351fc7f671a49094b484b)
"downKey",7739,"nextStep",true,1,3,7739,175094,true,2,"responsive","lasagna","2014-12-06T18:59:15.681Z","b693ab00711bf625163aa9369858a5997f0cca58",ObjectID(548352037f671a49094b484c)
"downKey",12175,"nextStep",true,1,4,12175,187269,true,2,"responsive","lasagna","2014-12-06T18:59:27.856Z","b693ab00711bf625163aa9369858a5997f0cca58",ObjectID(5483520f7f671a49094b484d)
"downKey",6212,"nextStep",true,1,5,6212,193481,true,2,"responsive","lasagna","2014-12-06T18:59:34.068Z","b693ab00711bf625163aa9369858a5997f0cca58",ObjectID(5483524b7f671a49094b484e)
"upKey",896,"prevStep",true,-1,6,896,194377,true,2,"responsive","lasagna","2014-12-06T18:59:34.964Z","b693ab00711bf625163aa9369858a5997f0cca58",ObjectID(5483526c7f671a49094b484f)
"upKey",288,"prevStep",true,-1,5,288,194665,true,2,"responsive","lasagna","2014-12-06T18:59:35.252Z","b693ab00711bf625163aa9369858a5997f0cca58",ObjectID(548352717f671a49094b4850)
"upKey",231,"prevStep",true,-1,4,231,194896,true,2,"responsive","lasagna","2014-12-06T18:59:35.483Z","b693ab00711bf625163aa9369858a5997f0cca58",ObjectID(548352747f671a49094b4851)
"upKey",641,"prevStep",true,-1,3,641,195537,true,2,"responsive","lasagna","2014-12-06T18:59:36.124Z","b693ab00711bf625163aa9369858a5997f0cca58",ObjectID(5483527b7f671a49094b4852)
"downKey",544,"nextStep",true,1,2,544,196081,true,2,"responsive","lasagna","2014-12-06T18:59:36.668Z","b693ab00711bf625163aa9369858a5997f0cca58",ObjectID(548352887f671a49094b4853)
"unknownKey",13630,"unknown",false,0,3,13630,209711,true,2,"responsive","lasagna","2014-12-06T18:59:50.299Z","b693ab00711bf625163aa9369858a5997f0cca58",ObjectID(548352c37f671a49094b4854)
"unknownKey",40,"unknown",false,0,3,13670,209751,true,2,"responsive","lasagna","2014-12-06T18:59:50.338Z","b693ab00711bf625163aa9369858a5997f0cca58",ObjectID(548352e57f671a49094b4855)
"unknownKey",3416,"unknown",false,0,3,17086,213167,true,2,"responsive","lasagna","2014-12-06T18:59:53.754Z","b693ab00711bf625163aa9369858a5997f0cca58",ObjectID(548352e97f671a49094b4856)
"unknownKey",16,"unknown",false,0,3,17102,213183,true,2,"responsive","lasagna","2014-12-06T18:59:53.770Z","b693ab00711bf625163aa9369858a5997f0cca58",ObjectID(548352ec7f671a49094b4857)
"upKey",23080,"prevStep",true,-1,3,40182,236263,true,2,"responsive","lasagna","2014-12-06T19:00:16.850Z","b693ab00711bf625163aa9369858a5997f0cca58",ObjectID(548352f47f671a49094b4858)
"downKey",4678,"nextStep",true,1,2,4678,240941,true,2,"responsive","lasagna","2014-12-06T19:00:21.528Z","b693ab00711bf625163aa9369858a5997f0cca58",ObjectID(548353007f671a49094b4859)
"downKey",149300,"nextStep",true,1,2,149300,159835,true,2,"responsive","lasagna","2014-12-06T18:59:00.422Z","b693ab00711bf625163aa9369858a5997f0cca58",ObjectID(5483533b7f671a49094b485a)
"upKey",2441,"prevStep",true,-1,4,2441,167355,true,2,"responsive","lasagna","2014-12-06T18:59:07.942Z","b693ab00711bf625163aa9369858a5997f0cca58",ObjectID(5483535d7f671a49094b485b)
"downKey",7739,"nextStep",true,1,3,7739,175094,true,2,"responsive","lasagna","2014-12-06T18:59:15.681Z","b693ab00711bf625163aa9369858a5997f0cca58",ObjectID(548353617f671a49094b485c)
"downKey",12175,"nextStep",true,1,4,12175,187269,true,2,"responsive","lasagna","2014-12-06T18:59:27.856Z","b693ab00711bf625163aa9369858a5997f0cca58",ObjectID(548353647f671a49094b485d)
"downKey",6212,"nextStep",true,1,5,6212,193481,true,2,"responsive","lasagna","2014-12-06T18:59:34.068Z","b693ab00711bf625163aa9369858a5997f0cca58",ObjectID(5483536c7f671a49094b485e)
"unknownKey",40248,"unknown",false,0,3,40248,281189,true,2,"responsive","lasagna","2014-12-06T19:01:01.777Z","b693ab00711bf625163aa9369858a5997f0cca58",ObjectID(548353787f671a49094b485f)
"unknownKey",32,"unknown",false,0,3,40280,281221,true,2,"responsive","lasagna","2014-12-06T19:01:01.808Z","b693ab00711bf625163aa9369858a5997f0cca58",ObjectID(548353b37f671a49094b4860)
"unknownKey",211771,"unknown",false,0,3,252051,492992,true,2,"responsive","lasagna","2014-12-06T19:04:33.579Z","b693ab00711bf625163aa9369858a5997f0cca58",ObjectID(548353d57f671a49094b4861)
"unknownKey",2,"unknown",false,0,3,252053,492994,true,2,"responsive","lasagna","2014-12-06T19:04:33.581Z","b693ab00711bf625163aa9369858a5997f0cca58",ObjectID(548353da7f671a49094b4862)
"upKey",2441,"prevStep",true,-1,4,2441,167355,true,2,"responsive","lasagna","2014-12-06T18:59:07.942Z","b693ab00711bf625163aa9369858a5997f0cca58",ObjectID(548353dc7f671a49094b4863)
"unknownKey",40248,"unknown",false,0,3,40248,281189,true,2,"responsive","lasagna","2014-12-06T19:01:01.777Z","b693ab00711bf625163aa9369858a5997f0cca58",ObjectID(548353f07f671a49094b4864)
"downKey",1394906,"nextStep",true,1,3,1646959,1887900,true,2,"responsive","lasagna","2014-12-06T19:27:48.487Z","b693ab00711bf625163aa9369858a5997f0cca58",ObjectID(548358b47f671a49094b4865)
"downKey",1394906,"nextStep",true,1,3,1646959,1887900,true,2,"responsive","lasagna","2014-12-06T19:27:48.487Z","b693ab00711bf625163aa9369858a5997f0cca58",ObjectID(5483592c7f671a49094b4866)
"downKey",759930,"nextStep",true,1,4,759930,2647830,true,2,"responsive","lasagna","2014-12-06T19:40:28.417Z","b693ab00711bf625163aa9369858a5997f0cca58",ObjectID(54835bac7f671a49094b4867)
"downKey",15438,"nextStep",true,1,5,15438,2663268,true,2,"responsive","lasagna","2014-12-06T19:40:43.856Z","b693ab00711bf625163aa9369858a5997f0cca58",ObjectID(54835bbb7f671a49094b4868)
"downKey",759930,"nextStep",true,1,4,759930,2647830,true,2,"responsive","lasagna","2014-12-06T19:40:28.417Z","b693ab00711bf625163aa9369858a5997f0cca58",ObjectID(54835c247f671a49094b4869)
"downKey",15438,"nextStep",true,1,5,15438,2663268,true,2,"responsive","lasagna","2014-12-06T19:40:43.856Z","b693ab00711bf625163aa9369858a5997f0cca58",ObjectID(54835c347f671a49094b486a)
"upKey",537482,"prevStep",true,-1,6,537482,3200750,true,2,"responsive","lasagna","2014-12-06T19:49:41.337Z","b693ab00711bf625163aa9369858a5997f0cca58",ObjectID(54835dd57f671a49094b486b)
"downKey",12557,"nextStep",true,1,5,12557,3213307,true,2,"responsive","lasagna","2014-12-06T19:49:53.894Z","b693ab00711bf625163aa9369858a5997f0cca58",ObjectID(54835de27f671a49094b486c)
"upKey",537482,"prevStep",true,-1,6,537482,3200750,true,2,"responsive","lasagna","2014-12-06T19:49:41.337Z","b693ab00711bf625163aa9369858a5997f0cca58",ObjectID(54835e4d7f671a49094b486d)
"downKey",12557,"nextStep",true,1,5,12557,3213307,true,2,"responsive","lasagna","2014-12-06T19:49:53.894Z","b693ab00711bf625163aa9369858a5997f0cca58",ObjectID(54835e5a7f671a49094b486e)
"unknownKey",276117,"unknown",false,0,6,276117,3489424,true,2,"responsive","lasagna","2014-12-06T19:54:30.012Z","b693ab00711bf625163aa9369858a5997f0cca58",ObjectID(54835ef67f671a49094b486f)
"unknownKey",8,"unknown",false,0,6,276125,3489432,true,2,"responsive","lasagna","2014-12-06T19:54:30.019Z","b693ab00711bf625163aa9369858a5997f0cca58",ObjectID(54835ef67f671a49094b4870)
"unknownKey",15544,"unknown",false,0,6,291669,3504976,true,2,"responsive","lasagna","2014-12-06T19:54:45.564Z","b693ab00711bf625163aa9369858a5997f0cca58",ObjectID(54835f057f671a49094b4871)
"unknownKey",24,"unknown",false,0,6,291693,3505000,true,2,"responsive","lasagna","2014-12-06T19:54:45.587Z","b693ab00711bf625163aa9369858a5997f0cca58",ObjectID(54835f057f671a49094b4872)
"unknownKey",39,"unknown",false,0,1,1363,1363,true,2,"responsive","lasagna","2014-12-06T20:05:55.354Z","b693ab00711bf625163aa9369858a5997f0cca58",ObjectID(548361a37f671a49094b4873)
"unknownKey",1324,"unknown",false,0,1,1324,1324,true,2,"responsive","lasagna","2014-12-06T20:05:55.315Z","b693ab00711bf625163aa9369858a5997f0cca58",ObjectID(548361a37f671a49094b4874)
"unknownKey",39,"unknown",false,0,1,1363,1363,true,2,"responsive","lasagna","2014-12-06T20:05:55.354Z","b693ab00711bf625163aa9369858a5997f0cca58",ObjectID(5483621b7f671a49094b4875)
"unknownKey",1324,"unknown",false,0,1,1324,1324,true,2,"responsive","lasagna","2014-12-06T20:05:55.315Z","b693ab00711bf625163aa9369858a5997f0cca58",ObjectID(5483621b7f671a49094b4876)
"unknownKey",450271,"unknown",false,0,1,451634,451634,true,2,"responsive","lasagna","2014-12-06T20:13:25.625Z","b693ab00711bf625163aa9369858a5997f0cca58",ObjectID(548363657f671a49094b4877)
"unknownKey",2036,"unknown",false,0,1,453670,453670,true,2,"responsive","lasagna","2014-12-06T20:13:27.660Z","b693ab00711bf625163aa9369858a5997f0cca58",ObjectID(548363677f671a49094b4878)
"unknownKey",3473,"unknown",false,0,1,457143,457143,true,2,"responsive","lasagna","2014-12-06T20:13:31.133Z","b693ab00711bf625163aa9369858a5997f0cca58",ObjectID(5483636b7f671a49094b4879)
"unknownKey",30,"unknown",false,0,1,457173,457173,true,2,"responsive","lasagna","2014-12-06T20:13:31.163Z","b693ab00711bf625163aa9369858a5997f0cca58",ObjectID(5483636b7f671a49094b487a)
"unknownKey",450271,"unknown",false,0,1,451634,451634,true,2,"responsive","lasagna","2014-12-06T20:13:25.625Z","b693ab00711bf625163aa9369858a5997f0cca58",ObjectID(548363dd7f671a49094b487b)
"unknownKey",30,"unknown",false,0,1,457173,457173,true,2,"responsive","lasagna","2014-12-06T20:13:31.163Z","b693ab00711bf625163aa9369858a5997f0cca58",ObjectID(548363e37f671a49094b487c)
"unknownKey",3473,"unknown",false,0,1,457143,457143,true,2,"responsive","lasagna","2014-12-06T20:13:31.133Z","b693ab00711bf625163aa9369858a5997f0cca58",ObjectID(548363e37f671a49094b487d)
"unknownKey",155710,"unknown",false,0,1,612883,612883,true,2,"responsive","lasagna","2014-12-06T20:16:06.874Z","b693ab00711bf625163aa9369858a5997f0cca58",ObjectID(548364077f671a49094b487e)
"unknownKey",24,"unknown",false,0,1,612907,612907,true,2,"responsive","lasagna","2014-12-06T20:16:06.897Z","b693ab00711bf625163aa9369858a5997f0cca58",ObjectID(548364077f671a49094b487f)
"unknownKey",4048,"unknown",false,0,1,616955,616955,true,2,"responsive","lasagna","2014-12-06T20:16:10.945Z","b693ab00711bf625163aa9369858a5997f0cca58",ObjectID(5483640b7f671a49094b4880)
"unknownKey",728,"unknown",false,0,1,617683,617683,true,2,"responsive","lasagna","2014-12-06T20:16:11.673Z","b693ab00711bf625163aa9369858a5997f0cca58",ObjectID(548364567f671a49094b4881)
"unknownKey",264,"unknown",false,0,1,617955,617955,true,2,"responsive","lasagna","2014-12-06T20:16:11.945Z","b693ab00711bf625163aa9369858a5997f0cca58",ObjectID(5483645b7f671a49094b4882)
"unknownKey",8,"unknown",false,0,1,617691,617691,true,2,"responsive","lasagna","2014-12-06T20:16:11.681Z","b693ab00711bf625163aa9369858a5997f0cca58",ObjectID(5483645b7f671a49094b4883)
"unknownKey",155710,"unknown",false,0,1,612883,612883,true,2,"responsive","lasagna","2014-12-06T20:16:06.874Z","b693ab00711bf625163aa9369858a5997f0cca58",ObjectID(5483647f7f671a49094b4884)
"unknownKey",24,"unknown",false,0,1,612907,612907,true,2,"responsive","lasagna","2014-12-06T20:16:06.897Z","b693ab00711bf625163aa9369858a5997f0cca58",ObjectID(5483647f7f671a49094b4885)
"unknownKey",4758,"unknown",false,0,1,622713,622713,true,2,"responsive","lasagna","2014-12-06T20:16:16.703Z","b693ab00711bf625163aa9369858a5997f0cca58",ObjectID(548364837f671a49094b4886)
"unknownKey",4177,"unknown",false,0,1,626890,626890,true,2,"responsive","lasagna","2014-12-06T20:16:20.881Z","b693ab00711bf625163aa9369858a5997f0cca58",ObjectID(548364ce7f671a49094b4887)
"unknownKey",16,"unknown",false,0,1,626906,626906,true,2,"responsive","lasagna","2014-12-06T20:16:20.896Z","b693ab00711bf625163aa9369858a5997f0cca58",ObjectID(548364d37f671a49094b4888)
"unknownKey",155710,"unknown",false,0,1,612883,612883,true,2,"responsive","lasagna","2014-12-06T20:16:06.874Z","b693ab00711bf625163aa9369858a5997f0cca58",ObjectID(548364f77f671a49094b4889)
"unknownKey",24,"unknown",false,0,1,612907,612907,true,2,"responsive","lasagna","2014-12-06T20:16:06.897Z","b693ab00711bf625163aa9369858a5997f0cca58",ObjectID(548364f77f671a49094b488a)
"nextClick",949843,"nextStep",true,1,1,949843,949843,true,3,"sbs","risotto","2014-12-06T21:04:49.324Z","5511517ce047964b623ec6906885690eeacbda56",ObjectID(54836f707f671a49094b488b)
"nextClick",405756,"nextStep",true,1,2,405756,1355599,true,3,"sbs","risotto","2014-12-06T21:11:35.079Z","5511517ce047964b623ec6906885690eeacbda56",ObjectID(548371067f671a49094b488c)
"unknownKey",3913854,"unknown",false,0,1,4540760,4540760,true,2,"responsive","lasagna","2014-12-06T21:21:34.750Z","b693ab00711bf625163aa9369858a5997f0cca58",ObjectID(5483735e7f671a49094b488d)
"unknownKey",5,"unknown",false,0,1,4540765,4540765,true,2,"responsive","lasagna","2014-12-06T21:21:34.756Z","b693ab00711bf625163aa9369858a5997f0cca58",ObjectID(5483735f7f671a49094b488e)
"doneClick",753,"done",true,0,1,4541518,4541518,true,2,"responsive","lasagna","2014-12-06T21:21:35.508Z","b693ab00711bf625163aa9369858a5997f0cca58",ObjectID(5483735f7f671a49094b488f)
"nextClick",771196,"nextStep",true,1,3,771196,2126795,true,3,"sbs","risotto","2014-12-06T21:24:26.275Z","5511517ce047964b623ec6906885690eeacbda56",ObjectID(548374097f671a49094b4891)
"nextClick",1153958,"nextStep",true,1,4,1153958,3280753,true,3,"sbs","risotto","2014-12-06T21:43:40.233Z","5511517ce047964b623ec6906885690eeacbda56",ObjectID(5483788b7f671a49094b4892)
"prevClick",466830,"prevStep",true,-1,5,466830,3747583,true,3,"sbs","risotto","2014-12-06T21:51:27.063Z","5511517ce047964b623ec6906885690eeacbda56",ObjectID(54837a5d7f671a49094b4893)
"unknownClick",14395,"unknown",false,0,4,14395,3761978,true,3,"sbs","risotto","2014-12-06T21:51:41.458Z","5511517ce047964b623ec6906885690eeacbda56",ObjectID(54837a6c7f671a49094b4894)
"nextClick",763,"nextStep",true,1,4,15158,3762741,true,3,"sbs","risotto","2014-12-06T21:51:42.221Z","5511517ce047964b623ec6906885690eeacbda56",ObjectID(54837a6c7f671a49094b4895)
"nextClick",5074,"nextStep",true,1,5,5074,3767815,true,3,"sbs","risotto","2014-12-06T21:51:47.295Z","5511517ce047964b623ec6906885690eeacbda56",ObjectID(54837a727f671a49094b4896)
"prevClick",33680,"prevStep",true,-1,6,33680,3801495,true,3,"sbs","risotto","2014-12-06T21:52:20.975Z","5511517ce047964b623ec6906885690eeacbda56",ObjectID(54837a937f671a49094b4897)
"prevClick",424,"prevStep",true,-1,5,424,3801919,true,3,"sbs","risotto","2014-12-06T21:52:21.399Z","5511517ce047964b623ec6906885690eeacbda56",ObjectID(54837a937f671a49094b4898)
"nextClick",8029,"nextStep",true,1,4,8029,3809948,true,3,"sbs","risotto","2014-12-06T21:52:29.428Z","5511517ce047964b623ec6906885690eeacbda56",ObjectID(54837a9c7f671a49094b4899)
"nextClick",22960,"nextStep",true,1,5,22960,3832908,true,3,"sbs","risotto","2014-12-06T21:52:52.389Z","5511517ce047964b623ec6906885690eeacbda56",ObjectID(54837ab37f671a49094b489a)
"nextClick",1006257,"nextStep",true,1,6,1006257,4839165,true,3,"sbs","risotto","2014-12-06T22:09:38.646Z","5511517ce047964b623ec6906885690eeacbda56",ObjectID(54837ea17f671a49094b489b)
"nextClick",327620,"nextStep",true,1,7,327620,5166785,true,3,"sbs","risotto","2014-12-06T22:15:06.265Z","5511517ce047964b623ec6906885690eeacbda56",ObjectID(54837fe87f671a49094b489c)
"doneClick",5538,"done",true,0,8,5538,5172323,true,3,"sbs","risotto","2014-12-06T22:15:11.803Z","5511517ce047964b623ec6906885690eeacbda56",ObjectID(54837fee7f671a49094b489d)
"unknownClick",13383,"unknown",false,0,1,13383,13383,true,2,"sbs","eggs","2014-12-07T18:08:56.947Z","b693ab00711bf625163aa9369858a5997f0cca58",ObjectID(548497b97f671a49094b48a2)
"unknownClick",198,"unknown",false,0,1,13581,13581,true,2,"sbs","eggs","2014-12-07T18:08:57.145Z","b693ab00711bf625163aa9369858a5997f0cca58",ObjectID(548497b97f671a49094b48a3)
"unknownClick",15659,"unknown",false,0,1,29240,29240,true,2,"sbs","eggs","2014-12-07T18:09:12.805Z","b693ab00711bf625163aa9369858a5997f0cca58",ObjectID(548497c97f671a49094b48a4)
"nextClick",7436,"nextStep",true,1,1,36676,36676,true,2,"sbs","eggs","2014-12-07T18:09:20.240Z","b693ab00711bf625163aa9369858a5997f0cca58",ObjectID(548497d07f671a49094b48a5)
"unknownClick",3498,"unknown",false,0,2,3498,40174,true,2,"sbs","eggs","2014-12-07T18:09:23.739Z","b693ab00711bf625163aa9369858a5997f0cca58",ObjectID(548497d47f671a49094b48a6)
"unknownClick",384,"unknown",false,0,2,3882,40558,true,2,"sbs","eggs","2014-12-07T18:09:24.123Z","b693ab00711bf625163aa9369858a5997f0cca58",ObjectID(548497d47f671a49094b48a7)
"unknownClick",6756,"unknown",false,0,2,10638,47314,true,2,"sbs","eggs","2014-12-07T18:09:30.878Z","b693ab00711bf625163aa9369858a5997f0cca58",ObjectID(548497db7f671a49094b48a8)
"unknownClick",159,"unknown",false,0,2,10797,47473,true,2,"sbs","eggs","2014-12-07T18:09:31.037Z","b693ab00711bf625163aa9369858a5997f0cca58",ObjectID(548497dc7f671a49094b48a9)
"unknownClick",3058,"unknown",false,0,2,13855,50531,true,2,"sbs","eggs","2014-12-07T18:09:34.095Z","b693ab00711bf625163aa9369858a5997f0cca58",ObjectID(548497de7f671a49094b48aa)
"unknownClick",16201,"unknown",false,0,2,30056,66732,true,2,"sbs","eggs","2014-12-07T18:09:50.296Z","b693ab00711bf625163aa9369858a5997f0cca58",ObjectID(548497ee7f671a49094b48ab)
"unknownClick",1572,"unknown",false,0,2,31628,68304,true,2,"sbs","eggs","2014-12-07T18:09:51.869Z","b693ab00711bf625163aa9369858a5997f0cca58",ObjectID(548497ef7f671a49094b48ac)
"nextClick",2635,"nextStep",true,1,2,34263,70939,true,2,"sbs","eggs","2014-12-07T18:09:54.503Z","b693ab00711bf625163aa9369858a5997f0cca58",ObjectID(548497f27f671a49094b48ad)
"nextClick",16893,"nextStep",true,1,3,16893,87832,true,2,"sbs","eggs","2014-12-07T18:10:11.397Z","b693ab00711bf625163aa9369858a5997f0cca58",ObjectID(548498037f671a49094b48ae)
"unknownClick",5519,"unknown",false,0,4,5519,93351,true,2,"sbs","eggs","2014-12-07T18:10:16.915Z","b693ab00711bf625163aa9369858a5997f0cca58",ObjectID(548498097f671a49094b48af)
"unknownClick",183,"unknown",false,0,4,5702,93534,true,2,"sbs","eggs","2014-12-07T18:10:17.098Z","b693ab00711bf625163aa9369858a5997f0cca58",ObjectID(548498097f671a49094b48b0)
"unknownClick",2139,"unknown",false,0,4,7841,95673,true,2,"sbs","eggs","2014-12-07T18:10:19.237Z","b693ab00711bf625163aa9369858a5997f0cca58",ObjectID(5484980b7f671a49094b48b1)
"unknownClick",175,"unknown",false,0,4,8016,95848,true,2,"sbs","eggs","2014-12-07T18:10:19.412Z","b693ab00711bf625163aa9369858a5997f0cca58",ObjectID(5484980b7f671a49094b48b2)
"unknownClick",16331,"unknown",false,0,4,24347,112179,true,2,"sbs","eggs","2014-12-07T18:10:35.743Z","b693ab00711bf625163aa9369858a5997f0cca58",ObjectID(5484981c7f671a49094b48b3)
"unknownClick",200,"unknown",false,0,4,24547,112379,true,2,"sbs","eggs","2014-12-07T18:10:35.943Z","b693ab00711bf625163aa9369858a5997f0cca58",ObjectID(5484981c7f671a49094b48b4)
"unknownClick",1164,"unknown",false,0,4,25711,113543,true,2,"sbs","eggs","2014-12-07T18:10:37.107Z","b693ab00711bf625163aa9369858a5997f0cca58",ObjectID(5484981d7f671a49094b48b5)
"unknownClick",166,"unknown",false,0,4,25877,113709,true,2,"sbs","eggs","2014-12-07T18:10:37.274Z","b693ab00711bf625163aa9369858a5997f0cca58",ObjectID(5484981d7f671a49094b48b6)
"nextClick",1806,"nextStep",true,1,4,27683,115515,true,2,"sbs","eggs","2014-12-07T18:10:39.079Z","b693ab00711bf625163aa9369858a5997f0cca58",ObjectID(5484981f7f671a49094b48b7)
"prevClick",2122,"prevStep",true,-1,5,2122,117637,true,2,"sbs","eggs","2014-12-07T18:10:41.202Z","b693ab00711bf625163aa9369858a5997f0cca58",ObjectID(548498217f671a49094b48b8)
"prevClick",1242,"prevStep",true,-1,4,1242,118879,true,2,"sbs","eggs","2014-12-07T18:10:42.443Z","b693ab00711bf625163aa9369858a5997f0cca58",ObjectID(548498227f671a49094b48b9)
"prevClick",2318,"prevStep",true,-1,3,2318,121197,true,2,"sbs","eggs","2014-12-07T18:10:44.762Z","b693ab00711bf625163aa9369858a5997f0cca58",ObjectID(548498247f671a49094b48ba)
"nextClick",7460,"nextStep",true,1,2,7460,128657,true,2,"sbs","eggs","2014-12-07T18:10:52.221Z","b693ab00711bf625163aa9369858a5997f0cca58",ObjectID(5484982c7f671a49094b48bb)
"nextClick",4130,"nextStep",true,1,3,4130,132787,true,2,"sbs","eggs","2014-12-07T18:10:56.351Z","b693ab00711bf625163aa9369858a5997f0cca58",ObjectID(548498307f671a49094b48bc)
"unknownClick",2211,"unknown",false,0,4,2211,134998,true,2,"sbs","eggs","2014-12-07T18:10:58.562Z","b693ab00711bf625163aa9369858a5997f0cca58",ObjectID(548498327f671a49094b48bd)
"unknownClick",178,"unknown",false,0,4,2389,135176,true,2,"sbs","eggs","2014-12-07T18:10:58.740Z","b693ab00711bf625163aa9369858a5997f0cca58",ObjectID(548498337f671a49094b48be)
"unknownClick",5332,"unknown",false,0,4,7721,140508,true,2,"sbs","eggs","2014-12-07T18:11:04.072Z","b693ab00711bf625163aa9369858a5997f0cca58",ObjectID(548498387f671a49094b48bf)
"nextClick",507,"nextStep",true,1,4,8228,141015,true,2,"sbs","eggs","2014-12-07T18:11:04.579Z","b693ab00711bf625163aa9369858a5997f0cca58",ObjectID(548498387f671a49094b48c0)
"prevClick",1972,"prevStep",true,-1,5,1972,142987,true,2,"sbs","eggs","2014-12-07T18:11:06.551Z","b693ab00711bf625163aa9369858a5997f0cca58",ObjectID(5484983a7f671a49094b48c1)
"nextClick",1317,"nextStep",true,1,4,1317,144304,true,2,"sbs","eggs","2014-12-07T18:11:07.868Z","b693ab00711bf625163aa9369858a5997f0cca58",ObjectID(5484983c7f671a49094b48c2)
"prevClick",1189,"prevStep",true,-1,5,1189,145493,true,2,"sbs","eggs","2014-12-07T18:11:09.057Z","b693ab00711bf625163aa9369858a5997f0cca58",ObjectID(5484983d7f671a49094b48c3)
"prevClick",199,"prevStep",true,-1,4,199,145692,true,2,"sbs","eggs","2014-12-07T18:11:09.256Z","b693ab00711bf625163aa9369858a5997f0cca58",ObjectID(5484983d7f671a49094b48c4)
"prevClick",176,"prevStep",true,-1,3,176,145868,true,2,"sbs","eggs","2014-12-07T18:11:09.432Z","b693ab00711bf625163aa9369858a5997f0cca58",ObjectID(5484983e7f671a49094b48c5)
"prevClick",200,"prevStep",true,-1,2,200,146068,true,2,"sbs","eggs","2014-12-07T18:11:09.632Z","b693ab00711bf625163aa9369858a5997f0cca58",ObjectID(5484983e7f671a49094b48c6)
"unknownClick",4101,"unknown",false,0,1,4101,150169,true,2,"sbs","eggs","2014-12-07T18:11:13.733Z","b693ab00711bf625163aa9369858a5997f0cca58",ObjectID(548498417f671a49094b48c7)
"unknownClick",555,"unknown",false,0,1,4656,150724,true,2,"sbs","eggs","2014-12-07T18:11:14.288Z","b693ab00711bf625163aa9369858a5997f0cca58",ObjectID(548498427f671a49094b48c8)
"unknownClick",591,"unknown",false,0,1,5247,151315,true,2,"sbs","eggs","2014-12-07T18:11:14.879Z","b693ab00711bf625163aa9369858a5997f0cca58",ObjectID(548498427f671a49094b48c9)
"nextClick",579,"nextStep",true,1,1,5826,151894,true,2,"sbs","eggs","2014-12-07T18:11:15.458Z","b693ab00711bf625163aa9369858a5997f0cca58",ObjectID(548498437f671a49094b48ca)
"startClick",20851,"start",false,1,0,20851,20851,,3,"responsive","eggs","2014-12-07T18:33:28.757Z","5511517ce047964b623ec6906885690eeacbda56",ObjectID(54849d787f671a49094b48ce)
"unknownClick",1809316,"unknown",false,0,2,1809316,1961210,true,2,"sbs","eggs","2014-12-07T18:41:24.774Z","b693ab00711bf625163aa9369858a5997f0cca58",ObjectID(54849f557f671a49094b48cf)
"rightKey",329,"nextStep",true,1,2,1809645,1961539,true,2,"sbs","eggs","2014-12-07T18:41:25.103Z","b693ab00711bf625163aa9369858a5997f0cca58",ObjectID(54849f557f671a49094b48d0)
"unknownKey",9240,"unknown",false,0,3,9240,1970779,true,2,"sbs","eggs","2014-12-07T18:41:34.344Z","b693ab00711bf625163aa9369858a5997f0cca58",ObjectID(54849f5e7f671a49094b48d1)
"unknownKey",80,"unknown",false,0,3,9320,1970859,true,2,"sbs","eggs","2014-12-07T18:41:34.423Z","b693ab00711bf625163aa9369858a5997f0cca58",ObjectID(54849f5e7f671a49094b48d2)
"unknownKey",22478,"unknown",false,0,3,31798,1993337,true,2,"sbs","eggs","2014-12-07T18:41:56.901Z","b693ab00711bf625163aa9369858a5997f0cca58",ObjectID(54849f757f671a49094b48d3)
"unknownKey",7,"unknown",false,0,3,31805,1993344,true,2,"sbs","eggs","2014-12-07T18:41:56.909Z","b693ab00711bf625163aa9369858a5997f0cca58",ObjectID(54849f757f671a49094b48d4)
"unknownKey",9160,"unknown",false,0,3,40965,2002504,true,2,"sbs","eggs","2014-12-07T18:42:06.069Z","b693ab00711bf625163aa9369858a5997f0cca58",ObjectID(54849f7e7f671a49094b48d5)
"unknownKey",952,"unknown",false,0,3,41917,2003456,true,2,"sbs","eggs","2014-12-07T18:42:07.020Z","b693ab00711bf625163aa9369858a5997f0cca58",ObjectID(54849f7f7f671a49094b48d6)
"unknownKey",24,"unknown",false,0,3,41941,2003480,true,2,"sbs","eggs","2014-12-07T18:42:07.044Z","b693ab00711bf625163aa9369858a5997f0cca58",ObjectID(54849f7f7f671a49094b48d7)
"rightKey",6396,"nextStep",true,1,3,48337,2009876,true,2,"sbs","eggs","2014-12-07T18:42:13.440Z","b693ab00711bf625163aa9369858a5997f0cca58",ObjectID(54849f857f671a49094b48d8)
"leftKey",14025,"prevStep",true,-1,4,14025,2023901,true,2,"sbs","eggs","2014-12-07T18:42:27.466Z","b693ab00711bf625163aa9369858a5997f0cca58",ObjectID(54849f937f671a49094b48d9)
"leftKey",148,"prevStep",true,-1,3,148,2024049,true,2,"sbs","eggs","2014-12-07T18:42:27.613Z","b693ab00711bf625163aa9369858a5997f0cca58",ObjectID(54849f937f671a49094b48da)
"rightKey",2247,"nextStep",true,1,2,2247,2026296,true,2,"sbs","eggs","2014-12-07T18:42:29.860Z","b693ab00711bf625163aa9369858a5997f0cca58",ObjectID(54849f957f671a49094b48db)
"rightKey",129,"nextStep",true,1,3,129,2026425,true,2,"sbs","eggs","2014-12-07T18:42:29.989Z","b693ab00711bf625163aa9369858a5997f0cca58",ObjectID(54849f967f671a49094b48dc)
"unknownKey",197508,"unknown",false,0,4,197508,2223933,true,2,"sbs","eggs","2014-12-07T18:45:47.498Z","b693ab00711bf625163aa9369858a5997f0cca58",ObjectID(5484a05b7f671a49094b48dd)
"unknownKey",40,"unknown",false,0,4,197548,2223973,true,2,"sbs","eggs","2014-12-07T18:45:47.537Z","b693ab00711bf625163aa9369858a5997f0cca58",ObjectID(5484a05b7f671a49094b48de)
"unknownKey",21944,"unknown",false,0,4,219492,2245917,true,2,"sbs","eggs","2014-12-07T18:46:09.481Z","b693ab00711bf625163aa9369858a5997f0cca58",ObjectID(5484a0717f671a49094b48df)
"unknownKey",7,"unknown",false,0,4,219499,2245924,true,2,"sbs","eggs","2014-12-07T18:46:09.489Z","b693ab00711bf625163aa9369858a5997f0cca58",ObjectID(5484a0717f671a49094b48e0)
"unknownKey",3394,"unknown",false,0,4,222893,2249318,true,2,"sbs","eggs","2014-12-07T18:46:12.882Z","b693ab00711bf625163aa9369858a5997f0cca58",ObjectID(5484a0747f671a49094b48e1)
"unknownKey",5631,"unknown",false,0,4,228524,2254949,true,2,"sbs","eggs","2014-12-07T18:46:18.514Z","b693ab00711bf625163aa9369858a5997f0cca58",ObjectID(5484a07a7f671a49094b48e2)
"unknownKey",11080,"unknown",false,0,4,239604,2266029,true,2,"sbs","eggs","2014-12-07T18:46:29.593Z","b693ab00711bf625163aa9369858a5997f0cca58",ObjectID(5484a0857f671a49094b48e3)
"unknownKey",15014,"unknown",false,0,4,254618,2281043,true,2,"sbs","eggs","2014-12-07T18:46:44.607Z","b693ab00711bf625163aa9369858a5997f0cca58",ObjectID(5484a0947f671a49094b48e4)
"downKey",1053464,"nextStep",true,1,1,1053464,1074315,,3,"responsive","eggs","2014-12-07T18:51:02.221Z","5511517ce047964b623ec6906885690eeacbda56",ObjectID(5484a1957f671a49094b48e5)
"unknownKey",1054438,"unknown",false,0,4,1309056,3335481,true,2,"sbs","eggs","2014-12-07T19:04:19.046Z","b693ab00711bf625163aa9369858a5997f0cca58",ObjectID(5484a4b37f671a49094b48e6)
"unknownKey",8,"unknown",false,0,4,1309064,3335489,true,2,"sbs","eggs","2014-12-07T19:04:19.053Z","b693ab00711bf625163aa9369858a5997f0cca58",ObjectID(5484a4b37f671a49094b48e7)
"unknownKey",59275,"unknown",false,0,4,1368339,3394764,true,2,"sbs","eggs","2014-12-07T19:05:18.328Z","b693ab00711bf625163aa9369858a5997f0cca58",ObjectID(5484a4ee7f671a49094b48e8)
"nextClick",5804,"nextStep",true,1,4,1374143,3400568,true,2,"sbs","eggs","2014-12-07T19:05:24.133Z","b693ab00711bf625163aa9369858a5997f0cca58",ObjectID(5484a4f47f671a49094b48e9)
"unknownClick",2703,"unknown",false,0,5,2703,3403271,true,2,"sbs","eggs","2014-12-07T19:05:26.835Z","b693ab00711bf625163aa9369858a5997f0cca58",ObjectID(5484a4f67f671a49094b48ea)
"instructionClick",1454113,"setStep",true,1,2,1454113,2528428,,3,"responsive","eggs","2014-12-07T19:15:16.333Z","5511517ce047964b623ec6906885690eeacbda56",ObjectID(5484a7437f671a49094b48eb)
"instructionClick",4169,"setStep",true,1,3,4169,2532597,,3,"responsive","eggs","2014-12-07T19:15:20.502Z","5511517ce047964b623ec6906885690eeacbda56",ObjectID(5484a7477f671a49094b48ec)
"instructionClick",42373,"setStep",true,-2,4,42373,2574970,,3,"responsive","eggs","2014-12-07T19:16:02.875Z","5511517ce047964b623ec6906885690eeacbda56",ObjectID(5484a7717f671a49094b48ed)
"instructionClick",277049,"setStep",true,1,2,277049,2852019,,3,"responsive","eggs","2014-12-07T19:20:39.924Z","5511517ce047964b623ec6906885690eeacbda56",ObjectID(5484a8867f671a49094b48ee)
"instructionClick",330061,"setStep",true,1,3,330061,3182080,,3,"responsive","eggs","2014-12-07T19:26:09.985Z","5511517ce047964b623ec6906885690eeacbda56",ObjectID(5484a9d27f671a49094b48ef)
"unknownKey",7,"unknown",false,0,5,1408434,4809002,true,2,"sbs","eggs","2014-12-07T19:28:52.566Z","b693ab00711bf625163aa9369858a5997f0cca58",ObjectID(5484aa747f671a49094b48f0)
"unknownKey",1405724,"unknown",false,0,5,1408427,4808995,true,2,"sbs","eggs","2014-12-07T19:28:52.559Z","b693ab00711bf625163aa9369858a5997f0cca58",ObjectID(5484aa747f671a49094b48f1)
"doneClick",1481,"done",true,0,5,1409915,4810483,true,2,"sbs","eggs","2014-12-07T19:28:54.047Z","b693ab00711bf625163aa9369858a5997f0cca58",ObjectID(5484aa767f671a49094b48f2)
"instructionClick",356597,"setStep",true,1,4,356597,3538677,,3,"responsive","eggs","2014-12-07T19:32:06.583Z","5511517ce047964b623ec6906885690eeacbda56",ObjectID(5484ab367f671a49094b48f4)
"instructionClick",436865,"setStep",true,-1,5,436865,3975542,,3,"responsive","eggs","2014-12-07T19:39:23.448Z","5511517ce047964b623ec6906885690eeacbda56",ObjectID(5484aceb7f671a49094b48f5)
"doneClick",640266,"done",true,0,4,640266,4615808,,3,"responsive","eggs","2014-12-07T19:50:03.714Z","5511517ce047964b623ec6906885690eeacbda56",ObjectID(5484af6b7f671a49094b48f6)
"startClick",26505,"start",false,1,0,26505,26505,,3,"control","lasagna","2014-12-07T23:28:27.108Z","5511517ce047964b623ec6906885690eeacbda56",ObjectID(5484e29b7f671a49094b48f8)
"startClick",48700,"start",false,1,0,48700,48700,,1,"control","eggs","2014-12-07T23:36:10.581Z","a7eb5180f2e6e2f4d49d743114520acff26d4c7e",ObjectID(5484e46c7f671a49094b48f9)
"unknownClick",1678515,"unknown",false,0,0,1678515,1727215,,1,"control","eggs","2014-12-08T00:04:09.097Z","a7eb5180f2e6e2f4d49d743114520acff26d4c7e",ObjectID(5484eaf97f671a49094b48fa)
"downKey",2759,"nextStep",false,0,0,1681274,1729974,,1,"control","eggs","2014-12-08T00:04:11.855Z","a7eb5180f2e6e2f4d49d743114520acff26d4c7e",ObjectID(5484eafb7f671a49094b48fb)
"downKey",438,"nextStep",false,0,0,1681712,1730412,,1,"control","eggs","2014-12-08T00:04:12.294Z","a7eb5180f2e6e2f4d49d743114520acff26d4c7e",ObjectID(5484eafc7f671a49094b48fc)
"unknownClick",2077603,"unknown",false,0,0,3759315,3808015,,1,"control","eggs","2014-12-08T00:38:49.897Z","a7eb5180f2e6e2f4d49d743114520acff26d4c7e",ObjectID(5484f31a7f671a49094b48fd)
"doneClick",1194,"done",true,0,0,3760509,3809209,,1,"control","eggs","2014-12-08T00:38:51.090Z","a7eb5180f2e6e2f4d49d743114520acff26d4c7e",ObjectID(5484f31b7f671a49094b48fe)
"startClick",89468,"start",false,1,0,89468,89468,,1,"sbs","lasagna","2014-12-08T00:50:50.473Z","a7eb5180f2e6e2f4d49d743114520acff26d4c7e",ObjectID(5484f5ec7f671a49094b4900)
"nextClick",113206,"nextStep",true,1,1,113206,202674,,1,"sbs","lasagna","2014-12-08T00:52:43.678Z","a7eb5180f2e6e2f4d49d743114520acff26d4c7e",ObjectID(5484f65b7f671a49094b4901)
"nextClick",1212336,"nextStep",true,1,2,1212336,1415010,,1,"sbs","lasagna","2014-12-08T01:12:56.015Z","a7eb5180f2e6e2f4d49d743114520acff26d4c7e",ObjectID(5484fb187f671a49094b4902)
"prevClick",429097,"prevStep",true,-1,3,429097,1844107,,1,"sbs","lasagna","2014-12-08T01:20:05.111Z","a7eb5180f2e6e2f4d49d743114520acff26d4c7e",ObjectID(5484fcc87f671a49094b4903)
"doneClick",6736393,"done",true,0,0,6736393,6762898,,3,"control","lasagna","2014-12-08T01:20:43.502Z","5511517ce047964b623ec6906885690eeacbda56",ObjectID(5484fceb7f671a49094b4904)
"nextClick",433335,"nextStep",true,1,2,433335,2277442,,1,"sbs","lasagna","2014-12-08T01:27:18.447Z","a7eb5180f2e6e2f4d49d743114520acff26d4c7e",ObjectID(5484fe777f671a49094b4906)
"unknownClick",49958,"unknown",false,0,3,49958,2327400,,1,"sbs","lasagna","2014-12-08T01:28:08.404Z","a7eb5180f2e6e2f4d49d743114520acff26d4c7e",ObjectID(5484feac7f671a49094b4907)
"unknownClick",2115,"unknown",false,0,3,52073,2329515,,1,"sbs","lasagna","2014-12-08T01:28:10.519Z","a7eb5180f2e6e2f4d49d743114520acff26d4c7e",ObjectID(5484feac7f671a49094b4908)
"unknownClick",4045,"unknown",false,0,3,56118,2333560,,1,"sbs","lasagna","2014-12-08T01:28:14.564Z","a7eb5180f2e6e2f4d49d743114520acff26d4c7e",ObjectID(5484feae7f671a49094b4909)
"nextClick",329322,"nextStep",true,1,3,385440,2662882,,1,"sbs","lasagna","2014-12-08T01:33:43.887Z","a7eb5180f2e6e2f4d49d743114520acff26d4c7e",ObjectID(5484fff87f671a49094b490a)
"nextClick",18284,"nextStep",true,1,4,18284,2681166,,1,"sbs","lasagna","2014-12-08T01:34:02.171Z","a7eb5180f2e6e2f4d49d743114520acff26d4c7e",ObjectID(5485000a7f671a49094b490b)
"nextClick",50732,"nextStep",true,1,5,50732,2731898,,1,"sbs","lasagna","2014-12-08T01:34:52.903Z","a7eb5180f2e6e2f4d49d743114520acff26d4c7e",ObjectID(5485003d7f671a49094b490c)
"prevClick",1733,"prevStep",true,-1,6,1733,2733631,,1,"sbs","lasagna","2014-12-08T01:34:54.635Z","a7eb5180f2e6e2f4d49d743114520acff26d4c7e",ObjectID(5485003e7f671a49094b490d)
"prevClick",518,"prevStep",true,-1,5,518,2734149,,1,"sbs","lasagna","2014-12-08T01:34:55.153Z","a7eb5180f2e6e2f4d49d743114520acff26d4c7e",ObjectID(5485003f7f671a49094b490e)
"prevClick",1468,"prevStep",true,-1,4,1468,2735617,,1,"sbs","lasagna","2014-12-08T01:34:56.622Z","a7eb5180f2e6e2f4d49d743114520acff26d4c7e",ObjectID(548500407f671a49094b490f)
"nextClick",17123,"nextStep",true,1,3,17123,2752740,,1,"sbs","lasagna","2014-12-08T01:35:13.745Z","a7eb5180f2e6e2f4d49d743114520acff26d4c7e",ObjectID(548500517f671a49094b4910)
"prevClick",1442,"prevStep",true,-1,4,1442,2754182,,1,"sbs","lasagna","2014-12-08T01:35:15.187Z","a7eb5180f2e6e2f4d49d743114520acff26d4c7e",ObjectID(548500537f671a49094b4911)
"prevClick",383,"prevStep",true,-1,3,383,2754565,,1,"sbs","lasagna","2014-12-08T01:35:15.569Z","a7eb5180f2e6e2f4d49d743114520acff26d4c7e",ObjectID(548500537f671a49094b4912)
"nextClick",225629,"nextStep",true,1,2,225629,2980194,,1,"sbs","lasagna","2014-12-08T01:39:01.198Z","a7eb5180f2e6e2f4d49d743114520acff26d4c7e",ObjectID(548501357f671a49094b4913)
"nextClick",6180,"nextStep",true,1,3,6180,2986374,,1,"sbs","lasagna","2014-12-08T01:39:07.378Z","a7eb5180f2e6e2f4d49d743114520acff26d4c7e",ObjectID(5485013c7f671a49094b4914)
"prevClick",32951,"prevStep",true,-1,4,32951,3019325,,1,"sbs","lasagna","2014-12-08T01:39:40.329Z","a7eb5180f2e6e2f4d49d743114520acff26d4c7e",ObjectID(5485015c7f671a49094b4915)
"prevClick",1111,"prevStep",true,-1,3,1111,3020436,,1,"sbs","lasagna","2014-12-08T01:39:41.441Z","a7eb5180f2e6e2f4d49d743114520acff26d4c7e",ObjectID(5485015d7f671a49094b4916)
"unknownClick",151010,"unknown",false,0,2,151010,3171446,,1,"sbs","lasagna","2014-12-08T01:42:12.451Z","a7eb5180f2e6e2f4d49d743114520acff26d4c7e",ObjectID(548501f97f671a49094b4917)
"nextClick",1391,"nextStep",true,1,3,1391,3173799,,1,"sbs","lasagna","2014-12-08T01:42:14.803Z","a7eb5180f2e6e2f4d49d743114520acff26d4c7e",ObjectID(548501f97f671a49094b4918)
"nextClick",962,"nextStep",true,1,2,151972,3172408,,1,"sbs","lasagna","2014-12-08T01:42:13.412Z","a7eb5180f2e6e2f4d49d743114520acff26d4c7e",ObjectID(548501fb7f671a49094b4919)
"nextClick",100063,"nextStep",true,1,4,100063,3273862,,1,"sbs","lasagna","2014-12-08T01:43:54.867Z","a7eb5180f2e6e2f4d49d743114520acff26d4c7e",ObjectID(548502637f671a49094b491a)
"nextClick",9426,"nextStep",true,1,5,9426,3283288,,1,"sbs","lasagna","2014-12-08T01:44:04.292Z","a7eb5180f2e6e2f4d49d743114520acff26d4c7e",ObjectID(548502647f671a49094b491b)
"prevClick",2083,"prevStep",true,-1,6,2083,3285371,,1,"sbs","lasagna","2014-12-08T01:44:06.375Z","a7eb5180f2e6e2f4d49d743114520acff26d4c7e",ObjectID(548502667f671a49094b491c)
"prevClick",726,"prevStep",true,-1,5,726,3286097,,1,"sbs","lasagna","2014-12-08T01:44:07.101Z","a7eb5180f2e6e2f4d49d743114520acff26d4c7e",ObjectID(548502677f671a49094b491d)
"startClick",15,"start",false,1,0,15,15,,1,"sbs","lasagna","2014-12-08T01:45:08.976Z","a7eb5180f2e6e2f4d49d743114520acff26d4c7e",ObjectID(548502a57f671a49094b491e)
"nextClick",3869,"nextStep",true,1,1,3869,3884,,1,"sbs","lasagna","2014-12-08T01:45:12.845Z","a7eb5180f2e6e2f4d49d743114520acff26d4c7e",ObjectID(548502a87f671a49094b491f)
"nextClick",784,"nextStep",true,1,2,784,4668,,1,"sbs","lasagna","2014-12-08T01:45:13.629Z","a7eb5180f2e6e2f4d49d743114520acff26d4c7e",ObjectID(548502a97f671a49094b4920)
"nextClick",689,"nextStep",true,1,3,689,5357,,1,"sbs","lasagna","2014-12-08T01:45:14.318Z","a7eb5180f2e6e2f4d49d743114520acff26d4c7e",ObjectID(548502aa7f671a49094b4921)
"nextClick",93573,"nextStep",true,1,4,93573,98930,,1,"sbs","lasagna","2014-12-08T01:46:47.893Z","a7eb5180f2e6e2f4d49d743114520acff26d4c7e",ObjectID(548503087f671a49094b4922)
"prevClick",60120,"prevStep",true,-1,5,60120,159050,,1,"sbs","lasagna","2014-12-08T01:47:48.011Z","a7eb5180f2e6e2f4d49d743114520acff26d4c7e",ObjectID(548503447f671a49094b4923)
"prevClick",447,"prevStep",true,-1,4,447,159497,,1,"sbs","lasagna","2014-12-08T01:47:48.458Z","a7eb5180f2e6e2f4d49d743114520acff26d4c7e",ObjectID(548503447f671a49094b4924)
"nextClick",1748,"nextStep",true,1,3,1748,161245,,1,"sbs","lasagna","2014-12-08T01:47:50.207Z","a7eb5180f2e6e2f4d49d743114520acff26d4c7e",ObjectID(548503467f671a49094b4925)
"nextClick",672,"nextStep",true,1,4,672,161917,,1,"sbs","lasagna","2014-12-08T01:47:50.878Z","a7eb5180f2e6e2f4d49d743114520acff26d4c7e",ObjectID(548503467f671a49094b4926)
"rightKey",396757,"nextStep",true,1,5,396757,558674,,1,"sbs","lasagna","2014-12-08T01:54:27.636Z","a7eb5180f2e6e2f4d49d743114520acff26d4c7e",ObjectID(548504d37f671a49094b4927)
"leftKey",1558,"prevStep",true,-1,6,1558,560232,,1,"sbs","lasagna","2014-12-08T01:54:29.193Z","a7eb5180f2e6e2f4d49d743114520acff26d4c7e",ObjectID(548504d57f671a49094b4928)
"rightKey",329391,"nextStep",true,1,5,329391,889623,,1,"sbs","lasagna","2014-12-08T01:59:58.585Z","a7eb5180f2e6e2f4d49d743114520acff26d4c7e",ObjectID(5485061e7f671a49094b4929)
"doneClick",2888085,"done",true,0,6,2888085,3777708,,1,"sbs","lasagna","2014-12-08T02:48:06.670Z","a7eb5180f2e6e2f4d49d743114520acff26d4c7e",ObjectID(548511677f671a49094b492a)
"doneClick",5672323.0,"done",true,0.0,0.0,5672323.0,5672323.0,true,2.0,"control","risotto","2014-12-07T18:02:15.332Z","b693ab00711bf625163aa9369858a5997f0cca58",ObjectID(5485159b186f7df955c69f83)
"startClick",412049,"start",false,1,0,412049,412049,,1,"responsive","risotto","2014-12-08T03:14:35.175Z","a7eb5180f2e6e2f4d49d743114520acff26d4c7e",ObjectID(5485179b7f671a49094b492c)
"rightKey",338345,"nextStep",false,0,1,338345,750394,,1,"responsive","risotto","2014-12-08T03:20:13.521Z","a7eb5180f2e6e2f4d49d743114520acff26d4c7e",ObjectID(548518ee7f671a49094b492d)
"downKey",1084,"nextStep",true,1,1,339429,751478,,1,"responsive","risotto","2014-12-08T03:20:14.604Z","a7eb5180f2e6e2f4d49d743114520acff26d4c7e",ObjectID(548518ee7f671a49094b492e)
"upKey",6733,"prevStep",true,-1,2,6733,758211,,1,"responsive","risotto","2014-12-08T03:20:21.338Z","a7eb5180f2e6e2f4d49d743114520acff26d4c7e",ObjectID(548518f57f671a49094b492f)
"downKey",183983,"nextStep",true,1,1,183983,942194,,1,"responsive","risotto","2014-12-08T03:23:25.320Z","a7eb5180f2e6e2f4d49d743114520acff26d4c7e",ObjectID(548519ad7f671a49094b4930)
"downKey",6576,"nextStep",true,1,2,6576,948770,,1,"responsive","risotto","2014-12-08T03:23:31.897Z","a7eb5180f2e6e2f4d49d743114520acff26d4c7e",ObjectID(548519b47f671a49094b4931)
"downKey",5180,"nextStep",true,1,3,5180,953950,,1,"responsive","risotto","2014-12-08T03:23:37.077Z","a7eb5180f2e6e2f4d49d743114520acff26d4c7e",ObjectID(548519b97f671a49094b4932)
"downKey",3455,"nextStep",true,1,4,3455,957405,,1,"responsive","risotto","2014-12-08T03:23:40.532Z","a7eb5180f2e6e2f4d49d743114520acff26d4c7e",ObjectID(548519bc7f671a49094b4933)
"upKey",1832,"prevStep",true,-1,5,1832,959237,,1,"responsive","risotto","2014-12-08T03:23:42.363Z","a7eb5180f2e6e2f4d49d743114520acff26d4c7e",ObjectID(548519be7f671a49094b4934)
"downKey",1280,"nextStep",true,1,4,1280,960517,,1,"responsive","risotto","2014-12-08T03:23:43.643Z","a7eb5180f2e6e2f4d49d743114520acff26d4c7e",ObjectID(548519bf7f671a49094b4935)
"downKey",2664,"nextStep",true,1,5,2664,963181,,1,"responsive","risotto","2014-12-08T03:23:46.307Z","a7eb5180f2e6e2f4d49d743114520acff26d4c7e",ObjectID(548519c27f671a49094b4936)
"upKey",3956,"prevStep",true,-1,6,3956,967137,,1,"responsive","risotto","2014-12-08T03:23:50.263Z","a7eb5180f2e6e2f4d49d743114520acff26d4c7e",ObjectID(548519c67f671a49094b4937)
"downKey",829,"nextStep",true,1,5,829,967966,,1,"responsive","risotto","2014-12-08T03:23:51.092Z","a7eb5180f2e6e2f4d49d743114520acff26d4c7e",ObjectID(548519c77f671a49094b4938)
"downKey",352,"nextStep",true,1,6,352,968318,,1,"responsive","risotto","2014-12-08T03:23:51.444Z","a7eb5180f2e6e2f4d49d743114520acff26d4c7e",ObjectID(548519c77f671a49094b4939)
"downKey",3128,"nextStep",true,1,7,3128,971446,,1,"responsive","risotto","2014-12-08T03:23:54.572Z","a7eb5180f2e6e2f4d49d743114520acff26d4c7e",ObjectID(548519ca7f671a49094b493a)
"upKey",1200,"prevStep",true,-1,8,1200,972646,,1,"responsive","risotto","2014-12-08T03:23:55.773Z","a7eb5180f2e6e2f4d49d743114520acff26d4c7e",ObjectID(548519cb7f671a49094b493b)
"upKey",536,"prevStep",true,-1,7,536,973182,,1,"responsive","risotto","2014-12-08T03:23:56.309Z","a7eb5180f2e6e2f4d49d743114520acff26d4c7e",ObjectID(548519cc7f671a49094b493c)
"downKey",720,"nextStep",true,1,6,720,973902,,1,"responsive","risotto","2014-12-08T03:23:57.028Z","a7eb5180f2e6e2f4d49d743114520acff26d4c7e",ObjectID(548519cd7f671a49094b493d)
"downKey",184,"nextStep",true,1,7,184,974086,,1,"responsive","risotto","2014-12-08T03:23:57.213Z","a7eb5180f2e6e2f4d49d743114520acff26d4c7e",ObjectID(548519cd7f671a49094b493e)
"upKey",707,"prevStep",true,-1,8,707,974793,,1,"responsive","risotto","2014-12-08T03:23:57.919Z","a7eb5180f2e6e2f4d49d743114520acff26d4c7e",ObjectID(548519cd7f671a49094b493f)
"upKey",950,"prevStep",true,-1,7,950,975743,,1,"responsive","risotto","2014-12-08T03:23:58.869Z","a7eb5180f2e6e2f4d49d743114520acff26d4c7e",ObjectID(548519ce7f671a49094b4940)
"downKey",775,"nextStep",true,1,6,775,976518,,1,"responsive","risotto","2014-12-08T03:23:59.644Z","a7eb5180f2e6e2f4d49d743114520acff26d4c7e",ObjectID(548519cf7f671a49094b4941)
"upKey",3072,"prevStep",true,-1,7,3072,979590,,1,"responsive","risotto","2014-12-08T03:24:02.717Z","a7eb5180f2e6e2f4d49d743114520acff26d4c7e",ObjectID(548519d27f671a49094b4942)
"upKey",1881,"prevStep",true,-1,6,1881,981471,,1,"responsive","risotto","2014-12-08T03:24:04.597Z","a7eb5180f2e6e2f4d49d743114520acff26d4c7e",ObjectID(548519d47f671a49094b4943)
"upKey",928,"prevStep",true,-1,5,928,982399,,1,"responsive","risotto","2014-12-08T03:24:05.525Z","a7eb5180f2e6e2f4d49d743114520acff26d4c7e",ObjectID(548519d57f671a49094b4944)
"downKey",1520,"nextStep",true,1,4,1520,983919,,1,"responsive","risotto","2014-12-08T03:24:07.045Z","a7eb5180f2e6e2f4d49d743114520acff26d4c7e",ObjectID(548519d77f671a49094b4945)
"upKey",1104,"prevStep",true,-1,5,1104,985023,,1,"responsive","risotto","2014-12-08T03:24:08.149Z","a7eb5180f2e6e2f4d49d743114520acff26d4c7e",ObjectID(548519d87f671a49094b4946)
"upKey",577,"prevStep",true,-1,4,577,985600,,1,"responsive","risotto","2014-12-08T03:24:08.727Z","a7eb5180f2e6e2f4d49d743114520acff26d4c7e",ObjectID(548519d87f671a49094b4947)
"upKey",1063,"prevStep",true,-1,3,1063,986663,,1,"responsive","risotto","2014-12-08T03:24:09.789Z","a7eb5180f2e6e2f4d49d743114520acff26d4c7e",ObjectID(548519d97f671a49094b4948)
"upKey",37029,"prevStep",true,-1,2,37029,1023692,,1,"responsive","risotto","2014-12-08T03:24:46.818Z","a7eb5180f2e6e2f4d49d743114520acff26d4c7e",ObjectID(548519fe7f671a49094b4949)
"downKey",6391,"nextStep",true,1,1,6391,1030083,,1,"responsive","risotto","2014-12-08T03:24:53.209Z","a7eb5180f2e6e2f4d49d743114520acff26d4c7e",ObjectID(54851a057f671a49094b494a)
"upKey",21128,"prevStep",true,-1,2,21128,1051211,,1,"responsive","risotto","2014-12-08T03:25:14.337Z","a7eb5180f2e6e2f4d49d743114520acff26d4c7e",ObjectID(54851a1a7f671a49094b494b)
"downKey",18114,"nextStep",true,1,1,18114,1069325,,1,"responsive","risotto","2014-12-08T03:25:32.451Z","a7eb5180f2e6e2f4d49d743114520acff26d4c7e",ObjectID(54851a2c7f671a49094b494c)
"downKey",584,"nextStep",true,1,2,584,1069909,,1,"responsive","risotto","2014-12-08T03:25:33.035Z","a7eb5180f2e6e2f4d49d743114520acff26d4c7e",ObjectID(54851a2d7f671a49094b494d)
"downKey",1096,"nextStep",true,1,3,1096,1071005,,1,"responsive","risotto","2014-12-08T03:25:34.131Z","a7eb5180f2e6e2f4d49d743114520acff26d4c7e",ObjectID(54851a2e7f671a49094b494e)
"downKey",1008,"nextStep",true,1,4,1008,1072013,,1,"responsive","risotto","2014-12-08T03:25:35.139Z","a7eb5180f2e6e2f4d49d743114520acff26d4c7e",ObjectID(54851a2f7f671a49094b494f)
"downKey",751,"nextStep",true,1,5,751,1072764,,1,"responsive","risotto","2014-12-08T03:25:35.890Z","a7eb5180f2e6e2f4d49d743114520acff26d4c7e",ObjectID(54851a2f7f671a49094b4950)
"upKey",568,"prevStep",true,-1,6,568,1073332,,1,"responsive","risotto","2014-12-08T03:25:36.458Z","a7eb5180f2e6e2f4d49d743114520acff26d4c7e",ObjectID(54851a307f671a49094b4951)
"upKey",1589,"prevStep",true,-1,5,1589,1074921,,1,"responsive","risotto","2014-12-08T03:25:38.047Z","a7eb5180f2e6e2f4d49d743114520acff26d4c7e",ObjectID(54851a327f671a49094b4952)
"upKey",307,"prevStep",true,-1,4,307,1075228,,1,"responsive","risotto","2014-12-08T03:25:38.355Z","a7eb5180f2e6e2f4d49d743114520acff26d4c7e",ObjectID(54851a327f671a49094b4953)
"upKey",232,"prevStep",true,-1,3,232,1075460,,1,"responsive","risotto","2014-12-08T03:25:38.586Z","a7eb5180f2e6e2f4d49d743114520acff26d4c7e",ObjectID(54851a327f671a49094b4954)
"upKey",216,"prevStep",true,-1,2,216,1075676,,1,"responsive","risotto","2014-12-08T03:25:38.802Z","a7eb5180f2e6e2f4d49d743114520acff26d4c7e",ObjectID(54851a327f671a49094b4955)
"downKey",90216,"nextStep",true,1,1,90216,1165892,,1,"responsive","risotto","2014-12-08T03:27:09.018Z","a7eb5180f2e6e2f4d49d743114520acff26d4c7e",ObjectID(54851a8d7f671a49094b4956)
"downKey",776,"nextStep",true,1,2,776,1166668,,1,"responsive","risotto","2014-12-08T03:27:09.794Z","a7eb5180f2e6e2f4d49d743114520acff26d4c7e",ObjectID(54851a8d7f671a49094b4957)
"upKey",840,"prevStep",true,-1,3,840,1167508,,1,"responsive","risotto","2014-12-08T03:27:10.634Z","a7eb5180f2e6e2f4d49d743114520acff26d4c7e",ObjectID(54851a8e7f671a49094b4958)
"downKey",43574,"nextStep",true,1,2,43574,1211082,,1,"responsive","risotto","2014-12-08T03:27:54.208Z","a7eb5180f2e6e2f4d49d743114520acff26d4c7e",ObjectID(54851aba7f671a49094b4959)
"downKey",485325,"nextStep",true,1,3,485325,1696407,,1,"responsive","risotto","2014-12-08T03:35:59.534Z","a7eb5180f2e6e2f4d49d743114520acff26d4c7e",ObjectID(54851c9f7f671a49094b495a)
"upKey",272226,"prevStep",true,-1,4,272226,1968633,,1,"responsive","risotto","2014-12-08T03:40:31.759Z","a7eb5180f2e6e2f4d49d743114520acff26d4c7e",ObjectID(54851db07f671a49094b495b)
"downKey",14969,"nextStep",true,1,3,14969,1983602,,1,"responsive","risotto","2014-12-08T03:40:46.728Z","a7eb5180f2e6e2f4d49d743114520acff26d4c7e",ObjectID(54851dbf7f671a49094b495c)
"upKey",7984,"prevStep",true,-1,4,7984,1991586,,1,"responsive","risotto","2014-12-08T03:40:54.713Z","a7eb5180f2e6e2f4d49d743114520acff26d4c7e",ObjectID(54851dc67f671a49094b495d)
"downKey",3640,"nextStep",true,1,3,3640,1995226,,1,"responsive","risotto","2014-12-08T03:40:58.352Z","a7eb5180f2e6e2f4d49d743114520acff26d4c7e",ObjectID(54851dca7f671a49094b495e)
"downKey",415050,"nextStep",true,1,4,415050,2410276,,1,"responsive","risotto","2014-12-08T03:47:53.403Z","a7eb5180f2e6e2f4d49d743114520acff26d4c7e",ObjectID(54851f697f671a49094b495f)
"downKey",1061,"nextStep",true,1,5,1061,2411337,,1,"responsive","risotto","2014-12-08T03:47:54.463Z","a7eb5180f2e6e2f4d49d743114520acff26d4c7e",ObjectID(54851f6a7f671a49094b4960)
"upKey",4392,"prevStep",true,-1,6,4392,2415729,,1,"responsive","risotto","2014-12-08T03:47:58.855Z","a7eb5180f2e6e2f4d49d743114520acff26d4c7e",ObjectID(54851f6f7f671a49094b4961)
"upKey",575,"prevStep",true,-1,5,575,2416304,,1,"responsive","risotto","2014-12-08T03:47:59.431Z","a7eb5180f2e6e2f4d49d743114520acff26d4c7e",ObjectID(54851f6f7f671a49094b4962)
"downKey",170071,"nextStep",true,1,4,170071,2586375,,1,"responsive","risotto","2014-12-08T03:50:49.502Z","a7eb5180f2e6e2f4d49d743114520acff26d4c7e",ObjectID(5485201a7f671a49094b4963)
"downKey",572,"nextStep",true,1,5,572,2586947,,1,"responsive","risotto","2014-12-08T03:50:50.074Z","a7eb5180f2e6e2f4d49d743114520acff26d4c7e",ObjectID(5485201a7f671a49094b4964)
"upKey",712,"prevStep",true,-1,6,712,2587659,,1,"responsive","risotto","2014-12-08T03:50:50.785Z","a7eb5180f2e6e2f4d49d743114520acff26d4c7e",ObjectID(5485201a7f671a49094b4965)
"upKey",240,"prevStep",true,-1,5,240,2587899,,1,"responsive","risotto","2014-12-08T03:50:51.026Z","a7eb5180f2e6e2f4d49d743114520acff26d4c7e",ObjectID(5485201b7f671a49094b4966)
"upKey",488,"prevStep",true,-1,4,488,2588387,,1,"responsive","risotto","2014-12-08T03:50:51.513Z","a7eb5180f2e6e2f4d49d743114520acff26d4c7e",ObjectID(5485201b7f671a49094b4967)
"downKey",12783,"nextStep",true,1,3,12783,2601170,,1,"responsive","risotto","2014-12-08T03:51:04.297Z","a7eb5180f2e6e2f4d49d743114520acff26d4c7e",ObjectID(548520287f671a49094b4968)
"downKey",341,"nextStep",true,1,4,341,2601511,,1,"responsive","risotto","2014-12-08T03:51:04.638Z","a7eb5180f2e6e2f4d49d743114520acff26d4c7e",ObjectID(548520287f671a49094b4969)
"downKey",336,"nextStep",true,1,5,336,2601847,,1,"responsive","risotto","2014-12-08T03:51:04.974Z","a7eb5180f2e6e2f4d49d743114520acff26d4c7e",ObjectID(548520297f671a49094b496a)
"downKey",512,"nextStep",true,1,6,512,2602359,,1,"responsive","risotto","2014-12-08T03:51:05.485Z","a7eb5180f2e6e2f4d49d743114520acff26d4c7e",ObjectID(548520297f671a49094b496b)
"upKey",3261,"prevStep",true,-1,7,3261,2605620,,1,"responsive","risotto","2014-12-08T03:51:08.747Z","a7eb5180f2e6e2f4d49d743114520acff26d4c7e",ObjectID(5485202c7f671a49094b496c)
"downKey",768,"nextStep",true,1,6,768,2606388,,1,"responsive","risotto","2014-12-08T03:51:09.514Z","a7eb5180f2e6e2f4d49d743114520acff26d4c7e",ObjectID(5485202d7f671a49094b496d)
"upKey",1233,"prevStep",true,-1,7,1233,2607621,,1,"responsive","risotto","2014-12-08T03:51:10.747Z","a7eb5180f2e6e2f4d49d743114520acff26d4c7e",ObjectID(5485202e7f671a49094b496e)
"upKey",903,"prevStep",true,-1,6,903,2608524,,1,"responsive","risotto","2014-12-08T03:51:11.651Z","a7eb5180f2e6e2f4d49d743114520acff26d4c7e",ObjectID(5485202f7f671a49094b496f)
"upKey",1048,"prevStep",true,-1,5,1048,2609572,,1,"responsive","risotto","2014-12-08T03:51:12.699Z","a7eb5180f2e6e2f4d49d743114520acff26d4c7e",ObjectID(548520307f671a49094b4970)
"downKey",1416,"nextStep",true,1,4,1416,2610988,,1,"responsive","risotto","2014-12-08T03:51:14.114Z","a7eb5180f2e6e2f4d49d743114520acff26d4c7e",ObjectID(548520327f671a49094b4971)
"downKey",264,"nextStep",true,1,5,264,2611252,,1,"responsive","risotto","2014-12-08T03:51:14.378Z","a7eb5180f2e6e2f4d49d743114520acff26d4c7e",ObjectID(548520327f671a49094b4972)
"downKey",312,"nextStep",true,1,6,312,2611564,,1,"responsive","risotto","2014-12-08T03:51:14.691Z","a7eb5180f2e6e2f4d49d743114520acff26d4c7e",ObjectID(548520327f671a49094b4973)
"upKey",688,"prevStep",true,-1,7,688,2612252,,1,"responsive","risotto","2014-12-08T03:51:15.378Z","a7eb5180f2e6e2f4d49d743114520acff26d4c7e",ObjectID(548520337f671a49094b4974)
"upKey",224,"prevStep",true,-1,6,224,2612476,,1,"responsive","risotto","2014-12-08T03:51:15.602Z","a7eb5180f2e6e2f4d49d743114520acff26d4c7e",ObjectID(548520337f671a49094b4975)
"upKey",952,"prevStep",true,-1,5,952,2613428,,1,"responsive","risotto","2014-12-08T03:51:16.554Z","a7eb5180f2e6e2f4d49d743114520acff26d4c7e",ObjectID(548520347f671a49094b4976)
"downKey",238154,"nextStep",true,1,4,238154,2851582,,1,"responsive","risotto","2014-12-08T03:55:14.709Z","a7eb5180f2e6e2f4d49d743114520acff26d4c7e",ObjectID(548521237f671a49094b4977)
"upKey",5132,"prevStep",true,-1,5,5132,2856714,,1,"responsive","risotto","2014-12-08T03:55:19.840Z","a7eb5180f2e6e2f4d49d743114520acff26d4c7e",ObjectID(548521277f671a49094b4978)
"downKey",579577,"nextStep",true,1,4,579577,3436291,,1,"responsive","risotto","2014-12-08T04:04:59.418Z","a7eb5180f2e6e2f4d49d743114520acff26d4c7e",ObjectID(5485236c7f671a49094b4979)
"downKey",893,"nextStep",true,1,5,893,3437184,,1,"responsive","risotto","2014-12-08T04:05:00.310Z","a7eb5180f2e6e2f4d49d743114520acff26d4c7e",ObjectID(5485236c7f671a49094b497a)
"downKey",2383,"nextStep",true,1,6,2383,3439567,,1,"responsive","risotto","2014-12-08T04:05:02.693Z","a7eb5180f2e6e2f4d49d743114520acff26d4c7e",ObjectID(5485236e7f671a49094b497b)
"doneClick",371549,"done",true,0,7,371549,3811116,,1,"responsive","risotto","2014-12-08T04:11:14.243Z","a7eb5180f2e6e2f4d49d743114520acff26d4c7e",ObjectID(548524e27f671a49094b497c)
